Workbook

Sheet Roster
A1: CX Team Roster
A2: Update this sheet with your agents. Shift cells accept any text (e.g. "9am–5pm", "Chat", "OFF").
A3: Agent Name | B3: Team | C3: Type | D3: Monday | E3: Tuesday | F3: Wednesday | G3: Thursday | H3: Friday | I3: Saturday | J3: Sunday | K3: Weekly Hrs | L3: Notes
A4: Alex Chen | B4: Support | C4: FT | D4: 9am–5pm | E4: 9am–5pm | F4: 9am–5pm | G4: 9am–5pm | H4: 9am–5pm | I4: OFF | J4: OFF | K4: 40
A5: Maria Santos | B5: Support | C5: FT | D5: 10am–6pm | E5: 10am–6pm | F5: 10am–6pm | G5: 10am–6pm | H5: 10am–6pm | I5: OFF | J5: OFF | K5: 40
A6: Jordan Lee | B6: Support | C6: PT | D6: 9am–2pm | E6: 9am–2pm | F6: 9am–2pm | G6: 9am–2pm | H6: 9am–2pm | I6: OFF | J6: OFF | K6: 25
A7: Taylor Brown | B7: Support | C7: FT | D7: OFF | E7: 9am–5pm | F7: 9am–5pm | G7: 9am–5pm | H7: 9am–5pm | I7: 9am–5pm | J7: OFF | K7: 40
A8: Casey Williams | B8: Support | C8: FT | D8: 1pm–9pm | E8: 1pm–9pm | F8: 1pm–9pm | G8: 1pm–9pm | H8: 1pm–9pm | I8: OFF | J8: OFF | K8: 40
A9: Sam Johnson | B9: Retail | C9: FT | D9: 9am–5pm | E9: 9am–5pm | F9: 9am–5pm | G9: 9am–5pm | H9: 9am–5pm | I9: OFF | J9: OFF | K9: 40
A10: Morgan Davis | B10: Retail | C10: FT | D10: 10am–6pm | E10: 10am–6pm | F10: OFF | G10: 10am–6pm | H10: 10am–6pm | I10: 10am–6pm | J10: OFF | K10: 40
A11: Riley Martinez | B11: Retail | C11: PT | D11: 9am–3pm | E11: 9am–3pm | F11: 9am–3pm | G11: 9am–3pm | H11: 9am–3pm | I11: OFF | J11: OFF | K11: 30
A12: Devon Thompson | B12: Retail | C12: FT | D12: 12pm–8pm | E12: 12pm–8pm | F12: 12pm–8pm | G12: 12pm–8pm | H12: 12pm–8pm | I12: OFF | J12: OFF | K12: 40
A13: Jamie Wilson | B13: Retail | C13: FT | D13: OFF | E13: 9am–5pm | F13: 9am–5pm | G13: 9am–5pm | H13: 9am–5pm | I13: 9am–5pm | J13: OFF | K13: 40

Sheet Time Off
A1: Time Off Requests
A2: Paste rows from your Slack workflow export here. Status = Approved/Pending/Denied. Only Approved requests affect the schedule.
A3: # | B3: Submitted | C3: Agent Name | D3: Team | E3: Start Date | F3: End Date | G3: # Days | H3: Type | I3: Status | J3: Approved By | K3: Notes
A4: 1 | B4: 46151 | C4: Alex Chen | D4: Support | E4: 46160 | F4: 46160 | G4: =F4-E4+1 -> 1 | H4: PTO | I4: Approved | J4: Scott M.
A5: 2 | B5: 46153 | C5: Maria Santos | D5: Support | E5: 46155 | F5: 46156 | G5: =F5-E5+1 -> 2 | H5: Sick | I5: Approved | J5: Scott M.
A6: 3 | B6: 46154 | C6: Jordan Lee | D6: Support | E6: 46164 | F6: 46164 | G6: =F6-E6+1 -> 1 | H6: Personal | I6: Pending | K6: Awaiting approval
A7: 4 | B7: 46150 | C7: Sam Johnson | D7: Retail | E7: 46161 | F7: 46161 | G7: =F7-E7+1 -> 1 | H7: PTO | I7: Approved | J7: Scott M.
A8: 5 | B8: 46152 | C8: Devon Thompson | D8: Retail | E8: 46167 | F8: 46171 | G8: =F8-E8+1 -> 5 | H8: Vacation | I8: Approved | J8: Scott M. | K8: Full week out
A9: 6 | B9: 46155 | C9: Taylor Brown | D9: Support | E9: 46168 | F9: 46168 | G9: =F9-E9+1 -> 1 | H9: Personal | I9: Pending

Sheet Weekly Schedule
A1: CX Team — Weekly Schedule
A2: Week Starting (Monday): | C2: 46160 | D2: ← Change this date to any Monday to view that week's schedule
A3: Agent | B3: Team | C3: =IF($C$2="","Monday",TEXT($C$2+0,"ddd m/d")) -> Mon 5/18 | D3: =IF($C$2="","Tuesday",TEXT($C$2+1,"ddd m/d")) -> Tue 5/19 | E3: =IF($C$2="","Wednesday",TEXT($C$2+2,"ddd m/d")) -> Wed 5/20 | F3: =IF($C$2="","Thursday",TEXT($C$2+3,"ddd m/d")) -> Thu 5/21 | G3: =IF($C$2="","Friday",TEXT($C$2+4,"ddd m/d")) -> Fri 5/22 | H3: =IF($C$2="","Saturday",TEXT($C$2+5,"ddd m/d")) -> Sat 5/23 | I3: =IF($C$2="","Sunday",TEXT($C$2+6,"ddd m/d")) -> Sun 5/24 | J3: Avail. Hrs
A4: SUPPORT TEAM
A5: Alex Chen | B5: Support | C5: =IF($C$2="","",IF(COUNTIFS('Time Off'!$C:$C,$A5,'Time Off'!$I:$I,"Approved",'Time Off'!$E:$E,"<="&($C$2+0),'Time Off'!$F:$F,">="&($C$2+0))>0,IFERROR(INDEX('Time Off'!$H:$H,MATCH(1,('Time Off'!$C:$C=$A5)*('Time Off'!$I:$I="Approved")*('Time Off'!$E:$E<=($C$2+0))*('Time Off'!$F:$F>=($C$2+0)),0)),"Time Off"),IFERROR(INDEX(Roster!$D:$J,MATCH($A5,Roster!$A:$A,0),WEEKDAY($C$2+0,2)),"OFF"))) -> PTO | D5: =IF($C$2="","",IF(COUNTIFS('Time Off'!$C:$C,$A5,'Time Off'!$I:$I,"Approved",'Time Off'!$E:$E,"<="&($C$2+1),'Time Off'!$F:$F,">="&($C$2+1))>0,IFERROR(INDEX('Time Off'!$H:$H,MATCH(1,('Time Off'!$C:$C=$A5)*('Time Off'!$I:$I="Approved")*('Time Off'!$E:$E<=($C$2+1))*('Time Off'!$F:$F>=($C$2+1)),0)),"Time Off"),IFERROR(INDEX(Roster!$D:$J,MATCH($A5,Roster!$A:$A,0),WEEKDAY($C$2+1,2)),"OFF"))) -> 9am–5pm | E5: =IF($C$2="","",IF(COUNTIFS('Time Off'!$C:$C,$A5,'Time Off'!$I:$I,"Approved",'Time Off'!$E:$E,"<="&($C$2+2),'Time Off'!$F:$F,">="&($C$2+2))>0,IFERROR(INDEX('Time Off'!$H:$H,MATCH(1,('Time Off'!$C:$C=$A5)*('Time Off'!$I:$I="Approved")*('Time Off'!$E:$E<=($C$2+2))*('Time Off'!$F:$F>=($C$2+2)),0)),"Time Off"),IFERROR(INDEX(Roster!$D:$J,MATCH($A5,Roster!$A:$A,0),WEEKDAY($C$2+2,2)),"OFF"))) -> 9am–5pm | F5: =IF($C$2="","",IF(COUNTIFS('Time Off'!$C:$C,$A5,'Time Off'!$I:$I,"Approved",'Time Off'!$E:$E,"<="&($C$2+3),'Time Off'!$F:$F,">="&($C$2+3))>0,IFERROR(INDEX('Time Off'!$H:$H,MATCH(1,('Time Off'!$C:$C=$A5)*('Time Off'!$I:$I="Approved")*('Time Off'!$E:$E<=($C$2+3))*('Time Off'!$F:$F>=($C$2+3)),0)),"Time Off"),IFERROR(INDEX(Roster!$D:$J,MATCH($A5,Roster!$A:$A,0),WEEKDAY($C$2+3,2)),"OFF"))) -> 9am–5pm | G5: =IF($C$2="","",IF(COUNTIFS('Time Off'!$C:$C,$A5,'Time Off'!$I:$I,"Approved",'Time Off'!$E:$E,"<="&($C$2+4),'Time Off'!$F:$F,">="&($C$2+4))>0,IFERROR(INDEX('Time Off'!$H:$H,MATCH(1,('Time Off'!$C:$C=$A5)*('Time Off'!$I:$I="Approved")*('Time Off'!$E:$E<=($C$2+4))*('Time Off'!$F:$F>=($C$2+4)),0)),"Time Off"),IFERROR(INDEX(Roster!$D:$J,MATCH($A5,Roster!$A:$A,0),WEEKDAY($C$2+4,2)),"OFF"))) -> 9am–5pm | H5: =IF($C$2="","",IF(COUNTIFS('Time Off'!$C:$C,$A5,'Time Off'!$I:$I,"Approved",'Time Off'!$E:$E,"<="&($C$2+5),'Time Off'!$F:$F,">="&($C$2+5))>0,IFERROR(INDEX('Time Off'!$H:$H,MATCH(1,('Time Off'!$C:$C=$A5)*('Time Off'!$I:$I="Approved")*('Time Off'!$E:$E<=($C$2+5))*('Time Off'!$F:$F>=($C$2+5)),0)),"Time Off"),IFERROR(INDEX(Roster!$D:$J,MATCH($A5,Roster!$A:$A,0),WEEKDAY($C$2+5,2)),"OFF"))) -> OFF | I5: =IF($C$2="","",IF(COUNTIFS('Time Off'!$C:$C,$A5,'Time Off'!$I:$I,"Approved",'Time Off'!$E:$E,"<="&($C$2+6),'Time Off'!$F:$F,">="&($C$2+6))>0,IFERROR(INDEX('Time Off'!$H:$H,MATCH(1,('Time Off'!$C:$C=$A5)*('Time Off'!$I:$I="Approved")*('Time Off'!$E:$E<=($C$2+6))*('Time Off'!$F:$F>=($C$2+6)),0)),"Time Off"),IFERROR(INDEX(Roster!$D:$J,MATCH($A5,Roster!$A:$A,0),WEEKDAY($C$2+6,2)),"OFF"))) -> OFF | J5: =IFERROR(INDEX(Roster!$K:$K,MATCH($A5,Roster!$A:$A,0)),0)-COUNTIF(C5:I5,"Time Off")*8-COUNTIF(C5:I5,"Sick")*8-COUNTIF(C5:I5,"Vacation")*8-COUNTIF(C5:I5,"Personal")*8-COUNTIF(C5:I5,"PTO")*8 -> 32
A6: Maria Santos | B6: Support | C6: =IF($C$2="","",IF(COUNTIFS('Time Off'!$C:$C,$A6,'Time Off'!$I:$I,"Approved",'Time Off'!$E:$E,"<="&($C$2+0),'Time Off'!$F:$F,">="&($C$2+0))>0,IFERROR(INDEX('Time Off'!$H:$H,MATCH(1,('Time Off'!$C:$C=$A6)*('Time Off'!$I:$I="Approved")*('Time Off'!$E:$E<=($C$2+0))*('Time Off'!$F:$F>=($C$2+0)),0)),"Time Off"),IFERROR(INDEX(Roster!$D:$J,MATCH($A6,Roster!$A:$A,0),WEEKDAY($C$2+0,2)),"OFF"))) -> 10am–6pm | D6: =IF($C$2="","",IF(COUNTIFS('Time Off'!$C:$C,$A6,'Time Off'!$I:$I,"Approved",'Time Off'!$E:$E,"<="&($C$2+1),'Time Off'!$F:$F,">="&($C$2+1))>0,IFERROR(INDEX('Time Off'!$H:$H,MATCH(1,('Time Off'!$C:$C=$A6)*('Time Off'!$I:$I="Approved")*('Time Off'!$E:$E<=($C$2+1))*('Time Off'!$F:$F>=($C$2+1)),0)),"Time Off"),IFERROR(INDEX(Roster!$D:$J,MATCH($A6,Roster!$A:$A,0),WEEKDAY($C$2+1,2)),"OFF"))) -> 10am–6pm | E6: =IF($C$2="","",IF(COUNTIFS('Time Off'!$C:$C,$A6,'Time Off'!$I:$I,"Approved",'Time Off'!$E:$E,"<="&($C$2+2),'Time Off'!$F:$F,">="&($C$2+2))>0,IFERROR(INDEX('Time Off'!$H:$H,MATCH(1,('Time Off'!$C:$C=$A6)*('Time Off'!$I:$I="Approved")*('Time Off'!$E:$E<=($C$2+2))*('Time Off'!$F:$F>=($C$2+2)),0)),"Time Off"),IFERROR(INDEX(Roster!$D:$J,MATCH($A6,Roster!$A:$A,0),WEEKDAY($C$2+2,2)),"OFF"))) -> 10am–6pm | F6: =IF($C$2="","",IF(COUNTIFS('Time Off'!$C:$C,$A6,'Time Off'!$I:$I,"Approved",'Time Off'!$E:$E,"<="&($C$2+3),'Time Off'!$F:$F,">="&($C$2+3))>0,IFERROR(INDEX('Time Off'!$H:$H,MATCH(1,('Time Off'!$C:$C=$A6)*('Time Off'!$I:$I="Approved")*('Time Off'!$E:$E<=($C$2+3))*('Time Off'!$F:$F>=($C$2+3)),0)),"Time Off"),IFERROR(INDEX(Roster!$D:$J,MATCH($A6,Roster!$A:$A,0),WEEKDAY($C$2+3,2)),"OFF"))) -> 10am–6pm | G6: =IF($C$2="","",IF(COUNTIFS('Time Off'!$C:$C,$A6,'Time Off'!$I:$I,"Approved",'Time Off'!$E:$E,"<="&($C$2+4),'Time Off'!$F:$F,">="&($C$2+4))>0,IFERROR(INDEX('Time Off'!$H:$H,MATCH(1,('Time Off'!$C:$C=$A6)*('Time Off'!$I:$I="Approved")*('Time Off'!$E:$E<=($C$2+4))*('Time Off'!$F:$F>=($C$2+4)),0)),"Time Off"),IFERROR(INDEX(Roster!$D:$J,MATCH($A6,Roster!$A:$A,0),WEEKDAY($C$2+4,2)),"OFF"))) -> 10am–6pm | H6: =IF($C$2="","",IF(COUNTIFS('Time Off'!$C:$C,$A6,'Time Off'!$I:$I,"Approved",'Time Off'!$E:$E,"<="&($C$2+5),'Time Off'!$F:$F,">="&($C$2+5))>0,IFERROR(INDEX('Time Off'!$H:$H,MATCH(1,('Time Off'!$C:$C=$A6)*('Time Off'!$I:$I="Approved")*('Time Off'!$E:$E<=($C$2+5))*('Time Off'!$F:$F>=($C$2+5)),0)),"Time Off"),IFERROR(INDEX(Roster!$D:$J,MATCH($A6,Roster!$A:$A,0),WEEKDAY($C$2+5,2)),"OFF"))) -> OFF | I6: =IF($C$2="","",IF(COUNTIFS('Time Off'!$C:$C,$A6,'Time Off'!$I:$I,"Approved",'Time Off'!$E:$E,"<="&($C$2+6),'Time Off'!$F:$F,">="&($C$2+6))>0,IFERROR(INDEX('Time Off'!$H:$H,MATCH(1,('Time Off'!$C:$C=$A6)*('Time Off'!$I:$I="Approved")*('Time Off'!$E:$E<=($C$2+6))*('Time Off'!$F:$F>=($C$2+6)),0)),"Time Off"),IFERROR(INDEX(Roster!$D:$J,MATCH($A6,Roster!$A:$A,0),WEEKDAY($C$2+6,2)),"OFF"))) -> OFF | J6: =IFERROR(INDEX(Roster!$K:$K,MATCH($A6,Roster!$A:$A,0)),0)-COUNTIF(C6:I6,"Time Off")*8-COUNTIF(C6:I6,"Sick")*8-COUNTIF(C6:I6,"Vacation")*8-COUNTIF(C6:I6,"Personal")*8-COUNTIF(C6:I6,"PTO")*8 -> 40
A7: Jordan Lee | B7: Support | C7: =IF($C$2="","",IF(COUNTIFS('Time Off'!$C:$C,$A7,'Time Off'!$I:$I,"Approved",'Time Off'!$E:$E,"<="&($C$2+0),'Time Off'!$F:$F,">="&($C$2+0))>0,IFERROR(INDEX('Time Off'!$H:$H,MATCH(1,('Time Off'!$C:$C=$A7)*('Time Off'!$I:$I="Approved")*('Time Off'!$E:$E<=($C$2+0))*('Time Off'!$F:$F>=($C$2+0)),0)),"Time Off"),IFERROR(INDEX(Roster!$D:$J,MATCH($A7,Roster!$A:$A,0),WEEKDAY($C$2+0,2)),"OFF"))) -> 9am–2pm | D7: =IF($C$2="","",IF(COUNTIFS('Time Off'!$C:$C,$A7,'Time Off'!$I:$I,"Approved",'Time Off'!$E:$E,"<="&($C$2+1),'Time Off'!$F:$F,">="&($C$2+1))>0,IFERROR(INDEX('Time Off'!$H:$H,MATCH(1,('Time Off'!$C:$C=$A7)*('Time Off'!$I:$I="Approved")*('Time Off'!$E:$E<=($C$2+1))*('Time Off'!$F:$F>=($C$2+1)),0)),"Time Off"),IFERROR(INDEX(Roster!$D:$J,MATCH($A7,Roster!$A:$A,0),WEEKDAY($C$2+1,2)),"OFF"))) -> 9am–2pm | E7: =IF($C$2="","",IF(COUNTIFS('Time Off'!$C:$C,$A7,'Time Off'!$I:$I,"Approved",'Time Off'!$E:$E,"<="&($C$2+2),'Time Off'!$F:$F,">="&($C$2+2))>0,IFERROR(INDEX('Time Off'!$H:$H,MATCH(1,('Time Off'!$C:$C=$A7)*('Time Off'!$I:$I="Approved")*('Time Off'!$E:$E<=($C$2+2))*('Time Off'!$F:$F>=($C$2+2)),0)),"Time Off"),IFERROR(INDEX(Roster!$D:$J,MATCH($A7,Roster!$A:$A,0),WEEKDAY($C$2+2,2)),"OFF"))) -> 9am–2pm | F7: =IF($C$2="","",IF(COUNTIFS('Time Off'!$C:$C,$A7,'Time Off'!$I:$I,"Approved",'Time Off'!$E:$E,"<="&($C$2+3),'Time Off'!$F:$F,">="&($C$2+3))>0,IFERROR(INDEX('Time Off'!$H:$H,MATCH(1,('Time Off'!$C:$C=$A7)*('Time Off'!$I:$I="Approved")*('Time Off'!$E:$E<=($C$2+3))*('Time Off'!$F:$F>=($C$2+3)),0)),"Time Off"),IFERROR(INDEX(Roster!$D:$J,MATCH($A7,Roster!$A:$A,0),WEEKDAY($C$2+3,2)),"OFF"))) -> 9am–2pm | G7: =IF($C$2="","",IF(COUNTIFS('Time Off'!$C:$C,$A7,'Time Off'!$I:$I,"Approved",'Time Off'!$E:$E,"<="&($C$2+4),'Time Off'!$F:$F,">="&($C$2+4))>0,IFERROR(INDEX('Time Off'!$H:$H,MATCH(1,('Time Off'!$C:$C=$A7)*('Time Off'!$I:$I="Approved")*('Time Off'!$E:$E<=($C$2+4))*('Time Off'!$F:$F>=($C$2+4)),0)),"Time Off"),IFERROR(INDEX(Roster!$D:$J,MATCH($A7,Roster!$A:$A,0),WEEKDAY($C$2+4,2)),"OFF"))) -> 9am–2pm | H7: =IF($C$2="","",IF(COUNTIFS('Time Off'!$C:$C,$A7,'Time Off'!$I:$I,"Approved",'Time Off'!$E:$E,"<="&($C$2+5),'Time Off'!$F:$F,">="&($C$2+5))>0,IFERROR(INDEX('Time Off'!$H:$H,MATCH(1,('Time Off'!$C:$C=$A7)*('Time Off'!$I:$I="Approved")*('Time Off'!$E:$E<=($C$2+5))*('Time Off'!$F:$F>=($C$2+5)),0)),"Time Off"),IFERROR(INDEX(Roster!$D:$J,MATCH($A7,Roster!$A:$A,0),WEEKDAY($C$2+5,2)),"OFF"))) -> OFF | I7: =IF($C$2="","",IF(COUNTIFS('Time Off'!$C:$C,$A7,'Time Off'!$I:$I,"Approved",'Time Off'!$E:$E,"<="&($C$2+6),'Time Off'!$F:$F,">="&($C$2+6))>0,IFERROR(INDEX('Time Off'!$H:$H,MATCH(1,('Time Off'!$C:$C=$A7)*('Time Off'!$I:$I="Approved")*('Time Off'!$E:$E<=($C$2+6))*('Time Off'!$F:$F>=($C$2+6)),0)),"Time Off"),IFERROR(INDEX(Roster!$D:$J,MATCH($A7,Roster!$A:$A,0),WEEKDAY($C$2+6,2)),"OFF"))) -> OFF | J7: =IFERROR(INDEX(Roster!$K:$K,MATCH($A7,Roster!$A:$A,0)),0)-COUNTIF(C7:I7,"Time Off")*8-COUNTIF(C7:I7,"Sick")*8-COUNTIF(C7:I7,"Vacation")*8-COUNTIF(C7:I7,"Personal")*8-COUNTIF(C7:I7,"PTO")*8 -> 25
A8: Taylor Brown | B8: Support | C8: =IF($C$2="","",IF(COUNTIFS('Time Off'!$C:$C,$A8,'Time Off'!$I:$I,"Approved",'Time Off'!$E:$E,"<="&($C$2+0),'Time Off'!$F:$F,">="&($C$2+0))>0,IFERROR(INDEX('Time Off'!$H:$H,MATCH(1,('Time Off'!$C:$C=$A8)*('Time Off'!$I:$I="Approved")*('Time Off'!$E:$E<=($C$2+0))*('Time Off'!$F:$F>=($C$2+0)),0)),"Time Off"),IFERROR(INDEX(Roster!$D:$J,MATCH($A8,Roster!$A:$A,0),WEEKDAY($C$2+0,2)),"OFF"))) -> OFF | D8: =IF($C$2="","",IF(COUNTIFS('Time Off'!$C:$C,$A8,'Time Off'!$I:$I,"Approved",'Time Off'!$E:$E,"<="&($C$2+1),'Time Off'!$F:$F,">="&($C$2+1))>0,IFERROR(INDEX('Time Off'!$H:$H,MATCH(1,('Time Off'!$C:$C=$A8)*('Time Off'!$I:$I="Approved")*('Time Off'!$E:$E<=($C$2+1))*('Time Off'!$F:$F>=($C$2+1)),0)),"Time Off"),IFERROR(INDEX(Roster!$D:$J,MATCH($A8,Roster!$A:$A,0),WEEKDAY($C$2+1,2)),"OFF"))) -> 9am–5pm | E8: =IF($C$2="","",IF(COUNTIFS('Time Off'!$C:$C,$A8,'Time Off'!$I:$I,"Approved",'Time Off'!$E:$E,"<="&($C$2+2),'Time Off'!$F:$F,">="&($C$2+2))>0,IFERROR(INDEX('Time Off'!$H:$H,MATCH(1,('Time Off'!$C:$C=$A8)*('Time Off'!$I:$I="Approved")*('Time Off'!$E:$E<=($C$2+2))*('Time Off'!$F:$F>=($C$2+2)),0)),"Time Off"),IFERROR(INDEX(Roster!$D:$J,MATCH($A8,Roster!$A:$A,0),WEEKDAY($C$2+2,2)),"OFF"))) -> 9am–5pm | F8: =IF($C$2="","",IF(COUNTIFS('Time Off'!$C:$C,$A8,'Time Off'!$I:$I,"Approved",'Time Off'!$E:$E,"<="&($C$2+3),'Time Off'!$F:$F,">="&($C$2+3))>0,IFERROR(INDEX('Time Off'!$H:$H,MATCH(1,('Time Off'!$C:$C=$A8)*('Time Off'!$I:$I="Approved")*('Time Off'!$E:$E<=($C$2+3))*('Time Off'!$F:$F>=($C$2+3)),0)),"Time Off"),IFERROR(INDEX(Roster!$D:$J,MATCH($A8,Roster!$A:$A,0),WEEKDAY($C$2+3,2)),"OFF"))) -> 9am–5pm | G8: =IF($C$2="","",IF(COUNTIFS('Time Off'!$C:$C,$A8,'Time Off'!$I:$I,"Approved",'Time Off'!$E:$E,"<="&($C$2+4),'Time Off'!$F:$F,">="&($C$2+4))>0,IFERROR(INDEX('Time Off'!$H:$H,MATCH(1,('Time Off'!$C:$C=$A8)*('Time Off'!$I:$I="Approved")*('Time Off'!$E:$E<=($C$2+4))*('Time Off'!$F:$F>=($C$2+4)),0)),"Time Off"),IFERROR(INDEX(Roster!$D:$J,MATCH($A8,Roster!$A:$A,0),WEEKDAY($C$2+4,2)),"OFF"))) -> 9am–5pm | H8: =IF($C$2="","",IF(COUNTIFS('Time Off'!$C:$C,$A8,'Time Off'!$I:$I,"Approved",'Time Off'!$E:$E,"<="&($C$2+5),'Time Off'!$F:$F,">="&($C$2+5))>0,IFERROR(INDEX('Time Off'!$H:$H,MATCH(1,('Time Off'!$C:$C=$A8)*('Time Off'!$I:$I="Approved")*('Time Off'!$E:$E<=($C$2+5))*('Time Off'!$F:$F>=($C$2+5)),0)),"Time Off"),IFERROR(INDEX(Roster!$D:$J,MATCH($A8,Roster!$A:$A,0),WEEKDAY($C$2+5,2)),"OFF"))) -> 9am–5pm | I8: =IF($C$2="","",IF(COUNTIFS('Time Off'!$C:$C,$A8,'Time Off'!$I:$I,"Approved",'Time Off'!$E:$E,"<="&($C$2+6),'Time Off'!$F:$F,">="&($C$2+6))>0,IFERROR(INDEX('Time Off'!$H:$H,MATCH(1,('Time Off'!$C:$C=$A8)*('Time Off'!$I:$I="Approved")*('Time Off'!$E:$E<=($C$2+6))*('Time Off'!$F:$F>=($C$2+6)),0)),"Time Off"),IFERROR(INDEX(Roster!$D:$J,MATCH($A8,Roster!$A:$A,0),WEEKDAY($C$2+6,2)),"OFF"))) -> OFF | J8: =IFERROR(INDEX(Roster!$K:$K,MATCH($A8,Roster!$A:$A,0)),0)-COUNTIF(C8:I8,"Time Off")*8-COUNTIF(C8:I8,"Sick")*8-COUNTIF(C8:I8,"Vacation")*8-COUNTIF(C8:I8,"Personal")*8-COUNTIF(C8:I8,"PTO")*8 -> 40
A9: Casey Williams | B9: Support | C9: =IF($C$2="","",IF(COUNTIFS('Time Off'!$C:$C,$A9,'Time Off'!$I:$I,"Approved",'Time Off'!$E:$E,"<="&($C$2+0),'Time Off'!$F:$F,">="&($C$2+0))>0,IFERROR(INDEX('Time Off'!$H:$H,MATCH(1,('Time Off'!$C:$C=$A9)*('Time Off'!$I:$I="Approved")*('Time Off'!$E:$E<=($C$2+0))*('Time Off'!$F:$F>=($C$2+0)),0)),"Time Off"),IFERROR(INDEX(Roster!$D:$J,MATCH($A9,Roster!$A:$A,0),WEEKDAY($C$2+0,2)),"OFF"))) -> 1pm–9pm | D9: =IF($C$2="","",IF(COUNTIFS('Time Off'!$C:$C,$A9,'Time Off'!$I:$I,"Approved",'Time Off'!$E:$E,"<="&($C$2+1),'Time Off'!$F:$F,">="&($C$2+1))>0,IFERROR(INDEX('Time Off'!$H:$H,MATCH(1,('Time Off'!$C:$C=$A9)*('Time Off'!$I:$I="Approved")*('Time Off'!$E:$E<=($C$2+1))*('Time Off'!$F:$F>=($C$2+1)),0)),"Time Off"),IFERROR(INDEX(Roster!$D:$J,MATCH($A9,Roster!$A:$A,0),WEEKDAY($C$2+1,2)),"OFF"))) -> 1pm–9pm | E9: =IF($C$2="","",IF(COUNTIFS('Time Off'!$C:$C,$A9,'Time Off'!$I:$I,"Approved",'Time Off'!$E:$E,"<="&($C$2+2),'Time Off'!$F:$F,">="&($C$2+2))>0,IFERROR(INDEX('Time Off'!$H:$H,MATCH(1,('Time Off'!$C:$C=$A9)*('Time Off'!$I:$I="Approved")*('Time Off'!$E:$E<=($C$2+2))*('Time Off'!$F:$F>=($C$2+2)),0)),"Time Off"),IFERROR(INDEX(Roster!$D:$J,MATCH($A9,Roster!$A:$A,0),WEEKDAY($C$2+2,2)),"OFF"))) -> 1pm–9pm | F9: =IF($C$2="","",IF(COUNTIFS('Time Off'!$C:$C,$A9,'Time Off'!$I:$I,"Approved",'Time Off'!$E:$E,"<="&($C$2+3),'Time Off'!$F:$F,">="&($C$2+3))>0,IFERROR(INDEX('Time Off'!$H:$H,MATCH(1,('Time Off'!$C:$C=$A9)*('Time Off'!$I:$I="Approved")*('Time Off'!$E:$E<=($C$2+3))*('Time Off'!$F:$F>=($C$2+3)),0)),"Time Off"),IFERROR(INDEX(Roster!$D:$J,MATCH($A9,Roster!$A:$A,0),WEEKDAY($C$2+3,2)),"OFF"))) -> 1pm–9pm | G9: =IF($C$2="","",IF(COUNTIFS('Time Off'!$C:$C,$A9,'Time Off'!$I:$I,"Approved",'Time Off'!$E:$E,"<="&($C$2+4),'Time Off'!$F:$F,">="&($C$2+4))>0,IFERROR(INDEX('Time Off'!$H:$H,MATCH(1,('Time Off'!$C:$C=$A9)*('Time Off'!$I:$I="Approved")*('Time Off'!$E:$E<=($C$2+4))*('Time Off'!$F:$F>=($C$2+4)),0)),"Time Off"),IFERROR(INDEX(Roster!$D:$J,MATCH($A9,Roster!$A:$A,0),WEEKDAY($C$2+4,2)),"OFF"))) -> 1pm–9pm | H9: =IF($C$2="","",IF(COUNTIFS('Time Off'!$C:$C,$A9,'Time Off'!$I:$I,"Approved",'Time Off'!$E:$E,"<="&($C$2+5),'Time Off'!$F:$F,">="&($C$2+5))>0,IFERROR(INDEX('Time Off'!$H:$H,MATCH(1,('Time Off'!$C:$C=$A9)*('Time Off'!$I:$I="Approved")*('Time Off'!$E:$E<=($C$2+5))*('Time Off'!$F:$F>=($C$2+5)),0)),"Time Off"),IFERROR(INDEX(Roster!$D:$J,MATCH($A9,Roster!$A:$A,0),WEEKDAY($C$2+5,2)),"OFF"))) -> OFF | I9: =IF($C$2="","",IF(COUNTIFS('Time Off'!$C:$C,$A9,'Time Off'!$I:$I,"Approved",'Time Off'!$E:$E,"<="&($C$2+6),'Time Off'!$F:$F,">="&($C$2+6))>0,IFERROR(INDEX('Time Off'!$H:$H,MATCH(1,('Time Off'!$C:$C=$A9)*('Time Off'!$I:$I="Approved")*('Time Off'!$E:$E<=($C$2+6))*('Time Off'!$F:$F>=($C$2+6)),0)),"Time Off"),IFERROR(INDEX(Roster!$D:$J,MATCH($A9,Roster!$A:$A,0),WEEKDAY($C$2+6,2)),"OFF"))) -> OFF | J9: =IFERROR(INDEX(Roster!$K:$K,MATCH($A9,Roster!$A:$A,0)),0)-COUNTIF(C9:I9,"Time Off")*8-COUNTIF(C9:I9,"Sick")*8-COUNTIF(C9:I9,"Vacation")*8-COUNTIF(C9:I9,"Personal")*8-COUNTIF(C9:I9,"PTO")*8 -> 40
A10: Agents Available | C10: =COUNTIFS(B5:B9,"Support",C5:C9,"<>TIME OFF",C5:C9,"<>OFF",C5:C9,"<>") -> 4 | D10: =COUNTIFS(B5:B9,"Support",D5:D9,"<>TIME OFF",D5:D9,"<>OFF",D5:D9,"<>") -> 5 | E10: =COUNTIFS(B5:B9,"Support",E5:E9,"<>TIME OFF",E5:E9,"<>OFF",E5:E9,"<>") -> 5 | F10: =COUNTIFS(B5:B9,"Support",F5:F9,"<>TIME OFF",F5:F9,"<>OFF",F5:F9,"<>") -> 5 | G10: =COUNTIFS(B5:B9,"Support",G5:G9,"<>TIME OFF",G5:G9,"<>OFF",G5:G9,"<>") -> 5 | H10: =COUNTIFS(B5:B9,"Support",H5:H9,"<>TIME OFF",H5:H9,"<>OFF",H5:H9,"<>") -> 1 | I10: =COUNTIFS(B5:B9,"Support",I5:I9,"<>TIME OFF",I5:I9,"<>OFF",I5:I9,"<>") -> 0
A12: RETAIL TEAM
A13: Sam Johnson | B13: Retail | C13: =IF($C$2="","",IF(COUNTIFS('Time Off'!$C:$C,$A13,'Time Off'!$I:$I,"Approved",'Time Off'!$E:$E,"<="&($C$2+0),'Time Off'!$F:$F,">="&($C$2+0))>0,IFERROR(INDEX('Time Off'!$H:$H,MATCH(1,('Time Off'!$C:$C=$A13)*('Time Off'!$I:$I="Approved")*('Time Off'!$E:$E<=($C$2+0))*('Time Off'!$F:$F>=($C$2+0)),0)),"Time Off"),IFERROR(INDEX(Roster!$D:$J,MATCH($A13,Roster!$A:$A,0),WEEKDAY($C$2+0,2)),"OFF"))) -> 9am–5pm | D13: =IF($C$2="","",IF(COUNTIFS('Time Off'!$C:$C,$A13,'Time Off'!$I:$I,"Approved",'Time Off'!$E:$E,"<="&($C$2+1),'Time Off'!$F:$F,">="&($C$2+1))>0,IFERROR(INDEX('Time Off'!$H:$H,MATCH(1,('Time Off'!$C:$C=$A13)*('Time Off'!$I:$I="Approved")*('Time Off'!$E:$E<=($C$2+1))*('Time Off'!$F:$F>=($C$2+1)),0)),"Time Off"),IFERROR(INDEX(Roster!$D:$J,MATCH($A13,Roster!$A:$A,0),WEEKDAY($C$2+1,2)),"OFF"))) -> PTO | E13: =IF($C$2="","",IF(COUNTIFS('Time Off'!$C:$C,$A13,'Time Off'!$I:$I,"Approved",'Time Off'!$E:$E,"<="&($C$2+2),'Time Off'!$F:$F,">="&($C$2+2))>0,IFERROR(INDEX('Time Off'!$H:$H,MATCH(1,('Time Off'!$C:$C=$A13)*('Time Off'!$I:$I="Approved")*('Time Off'!$E:$E<=($C$2+2))*('Time Off'!$F:$F>=($C$2+2)),0)),"Time Off"),IFERROR(INDEX(Roster!$D:$J,MATCH($A13,Roster!$A:$A,0),WEEKDAY($C$2+2,2)),"OFF"))) -> 9am–5pm | F13: =IF($C$2="","",IF(COUNTIFS('Time Off'!$C:$C,$A13,'Time Off'!$I:$I,"Approved",'Time Off'!$E:$E,"<="&($C$2+3),'Time Off'!$F:$F,">="&($C$2+3))>0,IFERROR(INDEX('Time Off'!$H:$H,MATCH(1,('Time Off'!$C:$C=$A13)*('Time Off'!$I:$I="Approved")*('Time Off'!$E:$E<=($C$2+3))*('Time Off'!$F:$F>=($C$2+3)),0)),"Time Off"),IFERROR(INDEX(Roster!$D:$J,MATCH($A13,Roster!$A:$A,0),WEEKDAY($C$2+3,2)),"OFF"))) -> 9am–5pm | G13: =IF($C$2="","",IF(COUNTIFS('Time Off'!$C:$C,$A13,'Time Off'!$I:$I,"Approved",'Time Off'!$E:$E,"<="&($C$2+4),'Time Off'!$F:$F,">="&($C$2+4))>0,IFERROR(INDEX('Time Off'!$H:$H,MATCH(1,('Time Off'!$C:$C=$A13)*('Time Off'!$I:$I="Approved")*('Time Off'!$E:$E<=($C$2+4))*('Time Off'!$F:$F>=($C$2+4)),0)),"Time Off"),IFERROR(INDEX(Roster!$D:$J,MATCH($A13,Roster!$A:$A,0),WEEKDAY($C$2+4,2)),"OFF"))) -> 9am–5pm | H13: =IF($C$2="","",IF(COUNTIFS('Time Off'!$C:$C,$A13,'Time Off'!$I:$I,"Approved",'Time Off'!$E:$E,"<="&($C$2+5),'Time Off'!$F:$F,">="&($C$2+5))>0,IFERROR(INDEX('Time Off'!$H:$H,MATCH(1,('Time Off'!$C:$C=$A13)*('Time Off'!$I:$I="Approved")*('Time Off'!$E:$E<=($C$2+5))*('Time Off'!$F:$F>=($C$2+5)),0)),"Time Off"),IFERROR(INDEX(Roster!$D:$J,MATCH($A13,Roster!$A:$A,0),WEEKDAY($C$2+5,2)),"OFF"))) -> OFF | I13: =IF($C$2="","",IF(COUNTIFS('Time Off'!$C:$C,$A13,'Time Off'!$I:$I,"Approved",'Time Off'!$E:$E,"<="&($C$2+6),'Time Off'!$F:$F,">="&($C$2+6))>0,IFERROR(INDEX('Time Off'!$H:$H,MATCH(1,('Time Off'!$C:$C=$A13)*('Time Off'!$I:$I="Approved")*('Time Off'!$E:$E<=($C$2+6))*('Time Off'!$F:$F>=($C$2+6)),0)),"Time Off"),IFERROR(INDEX(Roster!$D:$J,MATCH($A13,Roster!$A:$A,0),WEEKDAY($C$2+6,2)),"OFF"))) -> OFF | J13: =IFERROR(INDEX(Roster!$K:$K,MATCH($A13,Roster!$A:$A,0)),0)-COUNTIF(C13:I13,"Time Off")*8-COUNTIF(C13:I13,"Sick")*8-COUNTIF(C13:I13,"Vacation")*8-COUNTIF(C13:I13,"Personal")*8-COUNTIF(C13:I13,"PTO")*8 -> 32
A14: Morgan Davis | B14: Retail | C14: =IF($C$2="","",IF(COUNTIFS('Time Off'!$C:$C,$A14,'Time Off'!$I:$I,"Approved",'Time Off'!$E:$E,"<="&($C$2+0),'Time Off'!$F:$F,">="&($C$2+0))>0,IFERROR(INDEX('Time Off'!$H:$H,MATCH(1,('Time Off'!$C:$C=$A14)*('Time Off'!$I:$I="Approved")*('Time Off'!$E:$E<=($C$2+0))*('Time Off'!$F:$F>=($C$2+0)),0)),"Time Off"),IFERROR(INDEX(Roster!$D:$J,MATCH($A14,Roster!$A:$A,0),WEEKDAY($C$2+0,2)),"OFF"))) -> 10am–6pm | D14: =IF($C$2="","",IF(COUNTIFS('Time Off'!$C:$C,$A14,'Time Off'!$I:$I,"Approved",'Time Off'!$E:$E,"<="&($C$2+1),'Time Off'!$F:$F,">="&($C$2+1))>0,IFERROR(INDEX('Time Off'!$H:$H,MATCH(1,('Time Off'!$C:$C=$A14)*('Time Off'!$I:$I="Approved")*('Time Off'!$E:$E<=($C$2+1))*('Time Off'!$F:$F>=($C$2+1)),0)),"Time Off"),IFERROR(INDEX(Roster!$D:$J,MATCH($A14,Roster!$A:$A,0),WEEKDAY($C$2+1,2)),"OFF"))) -> 10am–6pm | E14: =IF($C$2="","",IF(COUNTIFS('Time Off'!$C:$C,$A14,'Time Off'!$I:$I,"Approved",'Time Off'!$E:$E,"<="&($C$2+2),'Time Off'!$F:$F,">="&($C$2+2))>0,IFERROR(INDEX('Time Off'!$H:$H,MATCH(1,('Time Off'!$C:$C=$A14)*('Time Off'!$I:$I="Approved")*('Time Off'!$E:$E<=($C$2+2))*('Time Off'!$F:$F>=($C$2+2)),0)),"Time Off"),IFERROR(INDEX(Roster!$D:$J,MATCH($A14,Roster!$A:$A,0),WEEKDAY($C$2+2,2)),"OFF"))) -> OFF | F14: =IF($C$2="","",IF(COUNTIFS('Time Off'!$C:$C,$A14,'Time Off'!$I:$I,"Approved",'Time Off'!$E:$E,"<="&($C$2+3),'Time Off'!$F:$F,">="&($C$2+3))>0,IFERROR(INDEX('Time Off'!$H:$H,MATCH(1,('Time Off'!$C:$C=$A14)*('Time Off'!$I:$I="Approved")*('Time Off'!$E:$E<=($C$2+3))*('Time Off'!$F:$F>=($C$2+3)),0)),"Time Off"),IFERROR(INDEX(Roster!$D:$J,MATCH($A14,Roster!$A:$A,0),WEEKDAY($C$2+3,2)),"OFF"))) -> 10am–6pm | G14: =IF($C$2="","",IF(COUNTIFS('Time Off'!$C:$C,$A14,'Time Off'!$I:$I,"Approved",'Time Off'!$E:$E,"<="&($C$2+4),'Time Off'!$F:$F,">="&($C$2+4))>0,IFERROR(INDEX('Time Off'!$H:$H,MATCH(1,('Time Off'!$C:$C=$A14)*('Time Off'!$I:$I="Approved")*('Time Off'!$E:$E<=($C$2+4))*('Time Off'!$F:$F>=($C$2+4)),0)),"Time Off"),IFERROR(INDEX(Roster!$D:$J,MATCH($A14,Roster!$A:$A,0),WEEKDAY($C$2+4,2)),"OFF"))) -> 10am–6pm | H14: =IF($C$2="","",IF(COUNTIFS('Time Off'!$C:$C,$A14,'Time Off'!$I:$I,"Approved",'Time Off'!$E:$E,"<="&($C$2+5),'Time Off'!$F:$F,">="&($C$2+5))>0,IFERROR(INDEX('Time Off'!$H:$H,MATCH(1,('Time Off'!$C:$C=$A14)*('Time Off'!$I:$I="Approved")*('Time Off'!$E:$E<=($C$2+5))*('Time Off'!$F:$F>=($C$2+5)),0)),"Time Off"),IFERROR(INDEX(Roster!$D:$J,MATCH($A14,Roster!$A:$A,0),WEEKDAY($C$2+5,2)),"OFF"))) -> 10am–6pm | I14: =IF($C$2="","",IF(COUNTIFS('Time Off'!$C:$C,$A14,'Time Off'!$I:$I,"Approved",'Time Off'!$E:$E,"<="&($C$2+6),'Time Off'!$F:$F,">="&($C$2+6))>0,IFERROR(INDEX('Time Off'!$H:$H,MATCH(1,('Time Off'!$C:$C=$A14)*('Time Off'!$I:$I="Approved")*('Time Off'!$E:$E<=($C$2+6))*('Time Off'!$F:$F>=($C$2+6)),0)),"Time Off"),IFERROR(INDEX(Roster!$D:$J,MATCH($A14,Roster!$A:$A,0),WEEKDAY($C$2+6,2)),"OFF"))) -> OFF | J14: =IFERROR(INDEX(Roster!$K:$K,MATCH($A14,Roster!$A:$A,0)),0)-COUNTIF(C14:I14,"Time Off")*8-COUNTIF(C14:I14,"Sick")*8-COUNTIF(C14:I14,"Vacation")*8-COUNTIF(C14:I14,"Personal")*8-COUNTIF(C14:I14,"PTO")*8 -> 40
A15: Riley Martinez | B15: Retail | C15: =IF($C$2="","",IF(COUNTIFS('Time Off'!$C:$C,$A15,'Time Off'!$I:$I,"Approved",'Time Off'!$E:$E,"<="&($C$2+0),'Time Off'!$F:$F,">="&($C$2+0))>0,IFERROR(INDEX('Time Off'!$H:$H,MATCH(1,('Time Off'!$C:$C=$A15)*('Time Off'!$I:$I="Approved")*('Time Off'!$E:$E<=($C$2+0))*('Time Off'!$F:$F>=($C$2+0)),0)),"Time Off"),IFERROR(INDEX(Roster!$D:$J,MATCH($A15,Roster!$A:$A,0),WEEKDAY($C$2+0,2)),"OFF"))) -> 9am–3pm | D15: =IF($C$2="","",IF(COUNTIFS('Time Off'!$C:$C,$A15,'Time Off'!$I:$I,"Approved",'Time Off'!$E:$E,"<="&($C$2+1),'Time Off'!$F:$F,">="&($C$2+1))>0,IFERROR(INDEX('Time Off'!$H:$H,MATCH(1,('Time Off'!$C:$C=$A15)*('Time Off'!$I:$I="Approved")*('Time Off'!$E:$E<=($C$2+1))*('Time Off'!$F:$F>=($C$2+1)),0)),"Time Off"),IFERROR(INDEX(Roster!$D:$J,MATCH($A15,Roster!$A:$A,0),WEEKDAY($C$2+1,2)),"OFF"))) -> 9am–3pm | E15: =IF($C$2="","",IF(COUNTIFS('Time Off'!$C:$C,$A15,'Time Off'!$I:$I,"Approved",'Time Off'!$E:$E,"<="&($C$2+2),'Time Off'!$F:$F,">="&($C$2+2))>0,IFERROR(INDEX('Time Off'!$H:$H,MATCH(1,('Time Off'!$C:$C=$A15)*('Time Off'!$I:$I="Approved")*('Time Off'!$E:$E<=($C$2+2))*('Time Off'!$F:$F>=($C$2+2)),0)),"Time Off"),IFERROR(INDEX(Roster!$D:$J,MATCH($A15,Roster!$A:$A,0),WEEKDAY($C$2+2,2)),"OFF"))) -> 9am–3pm | F15: =IF($C$2="","",IF(COUNTIFS('Time Off'!$C:$C,$A15,'Time Off'!$I:$I,"Approved",'Time Off'!$E:$E,"<="&($C$2+3),'Time Off'!$F:$F,">="&($C$2+3))>0,IFERROR(INDEX('Time Off'!$H:$H,MATCH(1,('Time Off'!$C:$C=$A15)*('Time Off'!$I:$I="Approved")*('Time Off'!$E:$E<=($C$2+3))*('Time Off'!$F:$F>=($C$2+3)),0)),"Time Off"),IFERROR(INDEX(Roster!$D:$J,MATCH($A15,Roster!$A:$A,0),WEEKDAY($C$2+3,2)),"OFF"))) -> 9am–3pm | G15: =IF($C$2="","",IF(COUNTIFS('Time Off'!$C:$C,$A15,'Time Off'!$I:$I,"Approved",'Time Off'!$E:$E,"<="&($C$2+4),'Time Off'!$F:$F,">="&($C$2+4))>0,IFERROR(INDEX('Time Off'!$H:$H,MATCH(1,('Time Off'!$C:$C=$A15)*('Time Off'!$I:$I="Approved")*('Time Off'!$E:$E<=($C$2+4))*('Time Off'!$F:$F>=($C$2+4)),0)),"Time Off"),IFERROR(INDEX(Roster!$D:$J,MATCH($A15,Roster!$A:$A,0),WEEKDAY($C$2+4,2)),"OFF"))) -> 9am–3pm | H15: =IF($C$2="","",IF(COUNTIFS('Time Off'!$C:$C,$A15,'Time Off'!$I:$I,"Approved",'Time Off'!$E:$E,"<="&($C$2+5),'Time Off'!$F:$F,">="&($C$2+5))>0,IFERROR(INDEX('Time Off'!$H:$H,MATCH(1,('Time Off'!$C:$C=$A15)*('Time Off'!$I:$I="Approved")*('Time Off'!$E:$E<=($C$2+5))*('Time Off'!$F:$F>=($C$2+5)),0)),"Time Off"),IFERROR(INDEX(Roster!$D:$J,MATCH($A15,Roster!$A:$A,0),WEEKDAY($C$2+5,2)),"OFF"))) -> OFF | I15: =IF($C$2="","",IF(COUNTIFS('Time Off'!$C:$C,$A15,'Time Off'!$I:$I,"Approved",'Time Off'!$E:$E,"<="&($C$2+6),'Time Off'!$F:$F,">="&($C$2+6))>0,IFERROR(INDEX('Time Off'!$H:$H,MATCH(1,('Time Off'!$C:$C=$A15)*('Time Off'!$I:$I="Approved")*('Time Off'!$E:$E<=($C$2+6))*('Time Off'!$F:$F>=($C$2+6)),0)),"Time Off"),IFERROR(INDEX(Roster!$D:$J,MATCH($A15,Roster!$A:$A,0),WEEKDAY($C$2+6,2)),"OFF"))) -> OFF | J15: =IFERROR(INDEX(Roster!$K:$K,MATCH($A15,Roster!$A:$A,0)),0)-COUNTIF(C15:I15,"Time Off")*8-COUNTIF(C15:I15,"Sick")*8-COUNTIF(C15:I15,"Vacation")*8-COUNTIF(C15:I15,"Personal")*8-COUNTIF(C15:I15,"PTO")*8 -> 30
A16: Devon Thompson | B16: Retail | C16: =IF($C$2="","",IF(COUNTIFS('Time Off'!$C:$C,$A16,'Time Off'!$I:$I,"Approved",'Time Off'!$E:$E,"<="&($C$2+0),'Time Off'!$F:$F,">="&($C$2+0))>0,IFERROR(INDEX('Time Off'!$H:$H,MATCH(1,('Time Off'!$C:$C=$A16)*('Time Off'!$I:$I="Approved")*('Time Off'!$E:$E<=($C$2+0))*('Time Off'!$F:$F>=($C$2+0)),0)),"Time Off"),IFERROR(INDEX(Roster!$D:$J,MATCH($A16,Roster!$A:$A,0),WEEKDAY($C$2+0,2)),"OFF"))) -> 12pm–8pm | D16: =IF($C$2="","",IF(COUNTIFS('Time Off'!$C:$C,$A16,'Time Off'!$I:$I,"Approved",'Time Off'!$E:$E,"<="&($C$2+1),'Time Off'!$F:$F,">="&($C$2+1))>0,IFERROR(INDEX('Time Off'!$H:$H,MATCH(1,('Time Off'!$C:$C=$A16)*('Time Off'!$I:$I="Approved")*('Time Off'!$E:$E<=($C$2+1))*('Time Off'!$F:$F>=($C$2+1)),0)),"Time Off"),IFERROR(INDEX(Roster!$D:$J,MATCH($A16,Roster!$A:$A,0),WEEKDAY($C$2+1,2)),"OFF"))) -> 12pm–8pm | E16: =IF($C$2="","",IF(COUNTIFS('Time Off'!$C:$C,$A16,'Time Off'!$I:$I,"Approved",'Time Off'!$E:$E,"<="&($C$2+2),'Time Off'!$F:$F,">="&($C$2+2))>0,IFERROR(INDEX('Time Off'!$H:$H,MATCH(1,('Time Off'!$C:$C=$A16)*('Time Off'!$I:$I="Approved")*('Time Off'!$E:$E<=($C$2+2))*('Time Off'!$F:$F>=($C$2+2)),0)),"Time Off"),IFERROR(INDEX(Roster!$D:$J,MATCH($A16,Roster!$A:$A,0),WEEKDAY($C$2+2,2)),"OFF"))) -> 12pm–8pm | F16: =IF($C$2="","",IF(COUNTIFS('Time Off'!$C:$C,$A16,'Time Off'!$I:$I,"Approved",'Time Off'!$E:$E,"<="&($C$2+3),'Time Off'!$F:$F,">="&($C$2+3))>0,IFERROR(INDEX('Time Off'!$H:$H,MATCH(1,('Time Off'!$C:$C=$A16)*('Time Off'!$I:$I="Approved")*('Time Off'!$E:$E<=($C$2+3))*('Time Off'!$F:$F>=($C$2+3)),0)),"Time Off"),IFERROR(INDEX(Roster!$D:$J,MATCH($A16,Roster!$A:$A,0),WEEKDAY($C$2+3,2)),"OFF"))) -> 12pm–8pm | G16: =IF($C$2="","",IF(COUNTIFS('Time Off'!$C:$C,$A16,'Time Off'!$I:$I,"Approved",'Time Off'!$E:$E,"<="&($C$2+4),'Time Off'!$F:$F,">="&($C$2+4))>0,IFERROR(INDEX('Time Off'!$H:$H,MATCH(1,('Time Off'!$C:$C=$A16)*('Time Off'!$I:$I="Approved")*('Time Off'!$E:$E<=($C$2+4))*('Time Off'!$F:$F>=($C$2+4)),0)),"Time Off"),IFERROR(INDEX(Roster!$D:$J,MATCH($A16,Roster!$A:$A,0),WEEKDAY($C$2+4,2)),"OFF"))) -> 12pm–8pm | H16: =IF($C$2="","",IF(COUNTIFS('Time Off'!$C:$C,$A16,'Time Off'!$I:$I,"Approved",'Time Off'!$E:$E,"<="&($C$2+5),'Time Off'!$F:$F,">="&($C$2+5))>0,IFERROR(INDEX('Time Off'!$H:$H,MATCH(1,('Time Off'!$C:$C=$A16)*('Time Off'!$I:$I="Approved")*('Time Off'!$E:$E<=($C$2+5))*('Time Off'!$F:$F>=($C$2+5)),0)),"Time Off"),IFERROR(INDEX(Roster!$D:$J,MATCH($A16,Roster!$A:$A,0),WEEKDAY($C$2+5,2)),"OFF"))) -> OFF | I16: =IF($C$2="","",IF(COUNTIFS('Time Off'!$C:$C,$A16,'Time Off'!$I:$I,"Approved",'Time Off'!$E:$E,"<="&($C$2+6),'Time Off'!$F:$F,">="&($C$2+6))>0,IFERROR(INDEX('Time Off'!$H:$H,MATCH(1,('Time Off'!$C:$C=$A16)*('Time Off'!$I:$I="Approved")*('Time Off'!$E:$E<=($C$2+6))*('Time Off'!$F:$F>=($C$2+6)),0)),"Time Off"),IFERROR(INDEX(Roster!$D:$J,MATCH($A16,Roster!$A:$A,0),WEEKDAY($C$2+6,2)),"OFF"))) -> OFF | J16: =IFERROR(INDEX(Roster!$K:$K,MATCH($A16,Roster!$A:$A,0)),0)-COUNTIF(C16:I16,"Time Off")*8-COUNTIF(C16:I16,"Sick")*8-COUNTIF(C16:I16,"Vacation")*8-COUNTIF(C16:I16,"Personal")*8-COUNTIF(C16:I16,"PTO")*8 -> 40
A17: Jamie Wilson | B17: Retail | C17: =IF($C$2="","",IF(COUNTIFS('Time Off'!$C:$C,$A17,'Time Off'!$I:$I,"Approved",'Time Off'!$E:$E,"<="&($C$2+0),'Time Off'!$F:$F,">="&($C$2+0))>0,IFERROR(INDEX('Time Off'!$H:$H,MATCH(1,('Time Off'!$C:$C=$A17)*('Time Off'!$I:$I="Approved")*('Time Off'!$E:$E<=($C$2+0))*('Time Off'!$F:$F>=($C$2+0)),0)),"Time Off"),IFERROR(INDEX(Roster!$D:$J,MATCH($A17,Roster!$A:$A,0),WEEKDAY($C$2+0,2)),"OFF"))) -> OFF | D17: =IF($C$2="","",IF(COUNTIFS('Time Off'!$C:$C,$A17,'Time Off'!$I:$I,"Approved",'Time Off'!$E:$E,"<="&($C$2+1),'Time Off'!$F:$F,">="&($C$2+1))>0,IFERROR(INDEX('Time Off'!$H:$H,MATCH(1,('Time Off'!$C:$C=$A17)*('Time Off'!$I:$I="Approved")*('Time Off'!$E:$E<=($C$2+1))*('Time Off'!$F:$F>=($C$2+1)),0)),"Time Off"),IFERROR(INDEX(Roster!$D:$J,MATCH($A17,Roster!$A:$A,0),WEEKDAY($C$2+1,2)),"OFF"))) -> 9am–5pm | E17: =IF($C$2="","",IF(COUNTIFS('Time Off'!$C:$C,$A17,'Time Off'!$I:$I,"Approved",'Time Off'!$E:$E,"<="&($C$2+2),'Time Off'!$F:$F,">="&($C$2+2))>0,IFERROR(INDEX('Time Off'!$H:$H,MATCH(1,('Time Off'!$C:$C=$A17)*('Time Off'!$I:$I="Approved")*('Time Off'!$E:$E<=($C$2+2))*('Time Off'!$F:$F>=($C$2+2)),0)),"Time Off"),IFERROR(INDEX(Roster!$D:$J,MATCH($A17,Roster!$A:$A,0),WEEKDAY($C$2+2,2)),"OFF"))) -> 9am–5pm | F17: =IF($C$2="","",IF(COUNTIFS('Time Off'!$C:$C,$A17,'Time Off'!$I:$I,"Approved",'Time Off'!$E:$E,"<="&($C$2+3),'Time Off'!$F:$F,">="&($C$2+3))>0,IFERROR(INDEX('Time Off'!$H:$H,MATCH(1,('Time Off'!$C:$C=$A17)*('Time Off'!$I:$I="Approved")*('Time Off'!$E:$E<=($C$2+3))*('Time Off'!$F:$F>=($C$2+3)),0)),"Time Off"),IFERROR(INDEX(Roster!$D:$J,MATCH($A17,Roster!$A:$A,0),WEEKDAY($C$2+3,2)),"OFF"))) -> 9am–5pm | G17: =IF($C$2="","",IF(COUNTIFS('Time Off'!$C:$C,$A17,'Time Off'!$I:$I,"Approved",'Time Off'!$E:$E,"<="&($C$2+4),'Time Off'!$F:$F,">="&($C$2+4))>0,IFERROR(INDEX('Time Off'!$H:$H,MATCH(1,('Time Off'!$C:$C=$A17)*('Time Off'!$I:$I="Approved")*('Time Off'!$E:$E<=($C$2+4))*('Time Off'!$F:$F>=($C$2+4)),0)),"Time Off"),IFERROR(INDEX(Roster!$D:$J,MATCH($A17,Roster!$A:$A,0),WEEKDAY($C$2+4,2)),"OFF"))) -> 9am–5pm | H17: =IF($C$2="","",IF(COUNTIFS('Time Off'!$C:$C,$A17,'Time Off'!$I:$I,"Approved",'Time Off'!$E:$E,"<="&($C$2+5),'Time Off'!$F:$F,">="&($C$2+5))>0,IFERROR(INDEX('Time Off'!$H:$H,MATCH(1,('Time Off'!$C:$C=$A17)*('Time Off'!$I:$I="Approved")*('Time Off'!$E:$E<=($C$2+5))*('Time Off'!$F:$F>=($C$2+5)),0)),"Time Off"),IFERROR(INDEX(Roster!$D:$J,MATCH($A17,Roster!$A:$A,0),WEEKDAY($C$2+5,2)),"OFF"))) -> 9am–5pm | I17: =IF($C$2="","",IF(COUNTIFS('Time Off'!$C:$C,$A17,'Time Off'!$I:$I,"Approved",'Time Off'!$E:$E,"<="&($C$2+6),'Time Off'!$F:$F,">="&($C$2+6))>0,IFERROR(INDEX('Time Off'!$H:$H,MATCH(1,('Time Off'!$C:$C=$A17)*('Time Off'!$I:$I="Approved")*('Time Off'!$E:$E<=($C$2+6))*('Time Off'!$F:$F>=($C$2+6)),0)),"Time Off"),IFERROR(INDEX(Roster!$D:$J,MATCH($A17,Roster!$A:$A,0),WEEKDAY($C$2+6,2)),"OFF"))) -> OFF | J17: =IFERROR(INDEX(Roster!$K:$K,MATCH($A17,Roster!$A:$A,0)),0)-COUNTIF(C17:I17,"Time Off")*8-COUNTIF(C17:I17,"Sick")*8-COUNTIF(C17:I17,"Vacation")*8-COUNTIF(C17:I17,"Personal")*8-COUNTIF(C17:I17,"PTO")*8 -> 40
A18: Agents Available | C18: =COUNTIFS(B13:B17,"Retail",C13:C17,"<>TIME OFF",C13:C17,"<>OFF",C13:C17,"<>") -> 4 | D18: =COUNTIFS(B13:B17,"Retail",D13:D17,"<>TIME OFF",D13:D17,"<>OFF",D13:D17,"<>") -> 5 | E18: =COUNTIFS(B13:B17,"Retail",E13:E17,"<>TIME OFF",E13:E17,"<>OFF",E13:E17,"<>") -> 4 | F18: =COUNTIFS(B13:B17,"Retail",F13:F17,"<>TIME OFF",F13:F17,"<>OFF",F13:F17,"<>") -> 5 | G18: =COUNTIFS(B13:B17,"Retail",G13:G17,"<>TIME OFF",G13:G17,"<>OFF",G13:G17,"<>") -> 5 | H18: =COUNTIFS(B13:B17,"Retail",H13:H17,"<>TIME OFF",H13:H17,"<>OFF",H13:H17,"<>") -> 2 | I18: =COUNTIFS(B13:B17,"Retail",I13:I17,"<>TIME OFF",I13:I17,"<>OFF",I13:I17,"<>") -> 0
A20: TOTAL COVERAGE | C20: =C10+C18 -> 8 | D20: =D10+D18 -> 10 | E20: =E10+E18 -> 9 | F20: =F10+F18 -> 10 | G20: =G10+G18 -> 10 | H20: =H10+H18 -> 3 | I20: =I10+I18 -> 0

Sheet How To Use
B1: How To Use This Scheduling System
B3: STEP 1 — Set Up Your Roster
B4: Go to the Roster tab | C4: Add all your agents: name, team (Support/Retail), employment type, and their typical shift for each day (e.g. "9am–5pm"). Use "OFF" for days they don't work.
B5: Weekly Hours | C5: Enter each agent's contracted weekly hours in the "Weekly Hrs" column. This is used to calculate available hours after time-off.
B7: STEP 2 — Connect Your Slack Workflow
B8: Current setup | C8: Your Slack workflow feeds time-off requests into a separate spreadsheet. You currently copy those manually into your schedule.
B9: Better setup | C9: In your Slack workflow builder, change the destination Google Sheet to this file's Time Off tab (or paste rows here each week). Required columns: Agent Name (C), Start Date (E), End Date (F), Type (H), Status (I).
B10: Approval | C10: Change a request's Status to "Approved" to have it automatically reflected in the Weekly Schedule. "Pending" and "Denied" are ignored.
B12: STEP 3 — Use the Weekly Schedule
B13: Change the week | C13: Click cell C2 on the Weekly Schedule tab and type any Monday's date. The entire schedule will update automatically.
B14: What you'll see | C14: Each agent's cell shows their normal shift (from Roster). If they have an Approved time-off request covering that day, it shows the type (PTO, Sick, etc.) highlighted in orange.
B15: Coverage rows | C15: The "Agents Available" rows at the bottom of each section count how many agents are scheduled to work each day (not off or on leave).
B17: STEP 4 — Share with Agents
B18: Google Sheets sharing | C18: Import this file into Google Sheets (File → Import). Share the sheet with your agents in view-only mode so they can always see the current week.
B19: Slack notification | C19: Use the automation script (cx_schedule_automation.py) to generate and post a weekly text summary to a Slack channel each Monday morning.
B21: TIPS
B22: Always enter Monday's date | C22: The schedule is built assuming C2 is a Monday. Entering a different day will shift all the day columns incorrectly.
B23: Multi-day time off | C23: A single request row in Time Off covers any date range. If an agent is out Mon–Fri, one row is enough — the schedule will mark all five days.
B24: Adding agents | C24: Add new agents to the Roster tab. The schedule formulas reference Roster!$A:$A by agent name, so new rows are picked up automatically.
B25: Partial days | C25: This system handles full-day absences. For partial days (e.g. half-day PTO), add a note in the Time Off "Notes" column and manage manually.
